alias,truename
alexyho,Alexyho
americkenam,Americké nám.
depohrobonova,Depo Hroboňova
autobusovastanica,Autobusová stanica
astronomicka,Astronomická
bajkalska,Bajkalská
bakosova,Bakošova
bardosova,Bárdošova
baronka,Barónka
lieskovskacesta,Lieskovská cesta
rybnicna,Rybničná
bilikova,Bilíkova
bocna,Bočná
bodrocka,Bodrocká
bojnicka,Bojnická
borska,Borská
bosakova,Bosákova
botanickazahrada,Botanická záhrada
bradacova,Bradáčova
brodna,Brodná
budatinska,Budatínska
bukovinska,Bukovinská
bulharska,Bulharská
bulikova,Bulíkova
bystricka,Bystrická
bzovicka,Bzovícka
deviatymlyn,Deviaty mlyn
letiskoparkandride,Letisko P+R
cintorinvrakuna,Cintorín Vrakuňa
ondrejskycintorin,Ondrejský cintorín
clementisova,Clementisova
cernockeho,Černockého
cervenykriz,Červený kríž
ciernychodnik,Čierny chodník
cilizska,Čiližská
covdevnves,ČOV Dev. Nová Ves
covvlciehrdlo,ČOV Vlčie hrdlo
cremchova,Čremchová
culenova,Čulenova
cunovo,Čunovo
miucunovo,MiÚ Čunovo
cunovokostol,"Čunovo, kostol"
cunovskejazera,Čunovské jazerá
zaluhy,Záluhy
ocroznavska,OC Rožňavská
uhrovecka,Uhrovecká
devatinova,Devätinová
hraddevin,Hrad Devín
slovanskenabr,Slovanské nábr.
waitovlom,Waitov lom
dievcihradok,Dievčí hrádok
dolnekrcace,Dolné Krčace
depopetrzalka,Depo Petržalka
kopcany,Kopčany
domkarska,Domkárska
mokrac,Mokrač
staryhaj,Starý háj
drienova,Drieňová
drobneho,Drobného
budkova,Búdková
dubova,Dubová
dudvazska,Dudvážska
dulovonam,Dulovo nám.
dvory,Dvory
einsteinova,Einsteinova
ekonomuniverzita,Ekonom. univerzita
estonska,Estónska
farskeho,Farského
blumental,Blumentál
agatova,Agátová
gagarinova,Gagarinova
ivanskacesta,Ivanská cesta
haburska,Haburská
hajovna,Hájovňa
halkova,Hálkova
halova,Hálova
hanacka,Hanácka
hanymelickovej,Hany Meličkovej
harmincova,Harmincova
heckova,Hečkova
herlianska,Herlianska
hlavnastanica,Hlavná stanica
hodzovonam,Hodžovo nám.
holicska,Holíčska
homolova,Homolova
hornekrcace,Horné Krčace
horskypark,Horský park
hospodarska,Hospodárska
hrad,Hrad
hradistna,Hradištná
hranicna,Hraničná
hrobakova,Hrobákova
hrobonova,Hroboňova
hronska,Hronská
hubeneho,Hubeného
hummelova,Hummelova
husova,Husova
hybesova,Hybešova
zavodna,Závodná
janskehony,Jánske hony
hyrosova,Hýrošova
chlumeckeho,Chlumeckého
ihriskova,Ihrisková
klientskecentrum,Klientske centrum
inovecka,Inovecká
vhrdlointernat,"V. hrdlo, internát"
ivanabukovcana,Ivana Bukovčana
planet,Planét
jancova,Jančova
janotova,Janotova
jarovce,Jarovce
jarovcezahrady,"Jarovce, záhrady"
jasovska,Jasovská
jeseniova,Jeséniova
jesenskeho,Jesenského
jiraskova,Jiráskova
jungmannova,Jungmannova
jurajovdvor,Jurajov dvor
jurigovonam,Jurigovo nám.
jurigrad,Jurigrad
kadlecik,Kadlečík
kadnarova,Kadnárova
centrum,Centrum
kamenolom,Kameňolom
kapucinska,Kapucínska
karadzicova,Karadžičova
kutiky,Kútiky
karpatska,Karpatská
ketelec,Ketelec
miuruzinov,MiÚ Ružinov
klanec,Klanec
klenova,Klenová
klepac,Klepáč
koliba,Koliba
kollarovonam,Kollárovo nám.
kolma,Kolmá
komarovska,Komárovská
komisarky,Komisárky
koniarkova,Koniarkova
kopcanysidlisko,"Kopčany, sídlisko"
korytnicka,Korytnická
kosicka,Košická
kovacsova,Kovácsova
kozia,Kozia
nemocnicakramare,Nemocnica Kramáre
krasna,Krásna
krce,Krče
prikrematoriu1,Pri Krematóriu
kzlatemurohu,K Zlatému rohu
kremnicka,Kremnická
krizna,Krížna
krpas,Krpáš
dlhediely,Dlhé diely
slovany,Slovany
kuliskova,Kulíškova
kapitulskydvor,Kapitulský dvor
kvacalova,Kvačalova
namsvfrantiska,Nám. sv. Františka
lafranconi,Lanfranconi
lachova,Lachova
lamac,Lamač
lanovka,Lanovka
bukva,Bukva
lesopark,Lesopark
letisko,Letisko / Airport
lieskovec,Lieskovec
dubravskacesta,Dúbravská cesta
lipskeho,Lipského
lodenica,Lodenica
rusnovedepo1,Rušňové depo I
rusnovedepo2,Rušňové depo II
lopenicka,Lopenícka
lovinskeho,Lovinského
lubovnianska,Ľubovnianska
lucanka,Lúčanka
lucna,Lúčna
luky2,Lúky II
luky5,Lúky V
tupolevova,Tupolevova
magnetova,Magnetová
magurska,Magurská
majerska,Majerská
malascena,Malá scéna
marianska,Mariánska
markova,Markova
martinskycintorin,Martinský cintorín
matejkova,Matejkova
miunovemesto,MiÚ Nové Mesto
maximilianahella,Maximiliána Hella
napantoch,Na pántoch
mierova,Mierová
mierovakolonia,Mierová kolónia
micherovmajer,Micherov majer
milanamarecka,Milana Marečka
mileticova,Miletičova
studenazastavka,"Studená, zastávka"
mladagarda,Mladá garda
mliekarenska,Mliekarenská
mlynarovicova,Mlynarovičova
mlynska,Mlynská
malytrh,Malý trh
mokrohajska,Mokrohájska
riviera,Riviéra
poddevkobylou,Pod Dev. Kobylou
ocstaravajnorska,OC Stará Vajnorská
liscienivy,Líščie nivy
muchovonam,Muchovo nám.
nagrbe,Na Grbe
prisandbergu,Pri Sandbergu
napasekach,Na pasekách
nadluckami,Nad lúčkami
ocluky,OC Lúky
vajnorynadjazd,"Vajnory, nadjazd"
nakupna,Nákupná
nambielykriz,Nám. Biely kríž
namhraniciarov,Nám. hraničiarov
namahlinku,Nám. A.Hlinku
namlstura,Nám. Ľ. Štúra
cyrilametod,Cyril a Metod
prezidentskazahrada,Prezident. záhrada
narodnyonkologickyustav,Nár. onkol. ústav
nemocnicaantolska,Nemocnica Antolská
nempbiskupice,Nem. P. Biskupice
nevadzova,Nevädzová
nobelova,Nobelova
novadoba,Nová doba
novohradska,Novohradská
novoveska,Novoveská
novykamenolom,Nový kameňolom
mostsnp,Most SNP
malokrasnanska,Malokrasňanská
hodoninska,Hodonínska
dkruzinov,DK Ružinov
podvornice,Podvornice
kukucinova,Kukučínova
ceska,Česká
odborarska,Odborárska
ondrejovova,Ondrejovova
krahulcia,Krahulčia
osloboditelska,Osloboditeľská
napantochskoly,"Na pántoch, školy"
napantochstred,"Na pántoch, stred"
ovsiste,Ovsište
ovsistskenam,Ovsištské nám.
miupbiskupice,MiÚ P. Biskupice
zabimajer,žabí majer
cvernovka,Cvernovka
kralovskeudolie,Kráľovské údolie
partizanska,Partizánska
pastierska,Pastierska
patronka,Patrónka
pazitkova,Pažítková
ciernyles,Čierny les
peknacesta,Pekná cesta
pernikova,Pekníkova
avionikea,"AVION, IKEA"
petofiho,Petőfiho
pila,Píla
pionierska,Pionierska
plynarenska,Plynárenská
podnasypom,Pod násypom
podhaj,Podháj
podzahradna,Podzáhradná
polianky,Polianky
pdpbiskupice,PD P. Biskupice
kamenace,Kamenáče
postova,Poštová
povodiedunaja,Povodie Dunaja
povraznicka,Povraznícka
pracanska,Pračanská
podstanicou,Pod stanicou
landererova,Landererová
nemocnicaruzinov,Nemocnica Ružinov
prikrematoriu,Pri krematóriu
prikrizi,Pri kríži
primlyne,Pri mlyne
prinadjazde,Pri nadjazde
pripodchode,Pri podchode
ocvajnory,OC Vajnory
suchymlyn,Suchý mlyn
rakyta,Rakyta
prizahradach,Pri záhradách
prizvonici,Pri zvonici
pribylinska,Pribylinská
pridanky,Pridánky
priekopnicka,Priekopnícka
mikulasovdvor,Mikulášov dvor
podzecakom,Pod Zečákom
prievozmost,"Prievoz, most"
prievozska,Prievozská
nakladnypristav,Nákladný prístav
pristavna,Prístavná
pristavnymost,Prístavný most
plniarenplynu,Plniareň plynu
prokopavelkeho,Prokopa Veľkého
miuraca,MiÚ Rača
racianskemyto,Račianske mýto
radiova,Rádiová
radnicnenam,Radničné nám.
radvanska,Radvanská
rajska,Rajská
riazanska,Riazanská
ribezlova,Ríbezľová
romanova,Romanova
shoppingpalace,Shopping Palace
gerulata,Gerulata
rusovskacesta,Rusovská cesta
suhvezdna,Súhvezdná
ruzovadolina,Ružová dolina
drienovskeluky,Drieňovské lúky
sabinovska,Sabinovská
sadjankakrala,Sad Janka Kráľa
sady,Sady
morava,Morava
segnare,Segnáre
segnerova,Segnerova
janajonasa,Jána Jonáša
sklabinska,Sklabinská
podkerepusky,Podkerepušky
cintorinslavicie,Cintorín Slávičie
zoo,Zoo
sliacska,Sliačska
slovnararchiv,Slov. nár. archív
slovinska,Slovinská
vlciehrdlo,Vlčie hrdlo
zajacie,Zajačie
slovnaftska,Slovnaftská
slowackeho,Slowackého
malydrazdiak,Malý Draždiak
smolenicka,Smolenická
sokolska,Sokolská
solivarska,Solivarská
mlaka,Mláka
strmevrsky,Strmé vŕšky
spalovna,Spaľovňa
spolocenska,Spoločenská
nakrizovatkach,Na križovatkách
stareihrisko,Staré ihrisko
starohajska,Starohájska
starykamenolom,Starý kameňolom
stavbarska,Stavbárska
stavitelska,Staviteľská
staviva,Stavivá
huscavova,Húščavova
stolarska,Stolárska
strecnianska,Strečnianska
strelnica,Strelnica
strojnicka,Strojnícka
panske,Panské
stromova,Stromová
studenohorska,Studenohorská
prisade,Pri Sade
sumracna,Súmračná
nusch,NÚSCH
safarikovonam,Šafárikovo nám.
safranova,Šafranová
sikma,Šikmá
sintavska,Šintavská
sipova,Šípová
miuvrakuna,MiÚ Vrakuňa
soltesovej,Šoltésovej
spitalska,Špitálska
sprinzlovmajer,Šprinclov majer
topolove,Topoľové
gastanovaaleja,Gaštanová aleja
stefanakralika,Štefana Králika
stepna,Štepná
strbska,Štrbská
sulekova,Šulekova
sustekova,Šustekova
svabinskeho,Švabinského
svantnerova,Švantnerova
tbiliska,Tbiliská
tehelna,Tehelná
stu,STU
technicka,Technická
technickesklo,Technické sklo
puchovska,Púchovská
kutlikova,Kutlíkova
televizia,Televízia
piesciny,Piesčiny
vinohradnicka,Vinohradnícka
uradbsk,Úrad BSK
tomankova,Tománkova
tomasikova,Tomášikova
topolcianska,Topoľčianska
toryska,Toryská
travna,Trávna
trencianska,Trenčianska
trnavskemyto,Trnavské mýto
trojdomy,Trojdomy
chatamsofer,Chatam Sófer
tupeho,Tupého
bratislavska,Bratislavská
ucitelska,Učiteľská
uhliska,Uhliská
29augusta,29. augusta
8maja,8. mája
ursinyho,Ursínyho
podgastanmi,Pod gaštanmi
rolnicka,Roľnícka
miuvajnory,MiÚ Vajnory
vajnory,Vajnory
valasska,Valašská
vapenka,Vápenka
studena,Studená
zaluzicka,Zálužická
kubacovankd,"Kubačova, NKD"
vlarska,Vlárska
sihot,Sihoť
vodostav,Vodostav
cervenymost,Červený most
regrutska,Regrútska
depojurajovdvor,Depo Jurajov dvor
depokrasnany,Depo Krasňany
depotrnavka,Depo Trnávka
podpriehradna,Podpriehradná
vrancovicova,Vrančovičova
vw1,"Jána Jonáša, VW1"
vychodne,Východné
vysoka,Vysoká
vysehradska,Vyšehradská
vyvojova,Vývojová
dolnekoruny,Dolné koruny
zahorska,Záhorská
zahorskabystrica,Záhorská Bystrica
saleziani,Saleziáni
farfuny,Fafruny
zahumenice,Záhumenice
stnlamac,Stn. Lamač
zamocka,Zámocká
zaporozska,Záporožská
kuchajda,Kuchajda
zavadska,Závadská
kopcianskastred,"Kopčianska, stred"
trnavskacesta,Trnavská cesta
kastielrusovce,Kaštieľ Rusovce
prisajbach,Pri Šajbách
dvojstudnovepolia,Dvojstudňové polia
zimnystadion,Zimný štadión
staravajnorska,Stará Vajnorská
zlatepiesky,Zlaté piesky
zlateschody,Zlaté schody
znievska,Znievska
zochova,Zochova
habanskymlyn,Habánsky mlyn
zsbudatinska,ZŠ Budatínska
zsmajernikova,ZŠ Majerníkova
zvoncekova,Zvončeková
zatevna,žatevná
zehrianska,žehrianska
zeleznastudnicka,železná studnička
zeleznicna,železničná
stareletisko,Staré letisko
zitavska,žitavská
stndevnovaves,Stn. Dev. Nová Ves
skerlicova,Skerličova
stnnovemesto,Stn. Nové Mesto
stnpbiskupice,Stn. P. Biskupice
stnpetrzalka,Stn. Petržalka
stnrusovce,Stn. Rusovce
stnuns,Stn. ÚNS
stnvajnory,Stn. Vajnory
stnvinohrady,Stn. Vinohrady
antolska,Antolská
potocna,Potočná
syslia,Syslia
prokofievova,Prokofievova
kopcianska,Kopčianska
vapencova,Vápencová
avionshoppark,Avion Shop. Park
paulinske,Paulinské
danubiana,Danubiana
vecunovo,VE Čunovo
subezna,Súbežná
prvosienkova,Prvosienková
staravinarska,Stará vinárska
slavin,Slavín
havlickova,Havlíčkova
misikova,Mišíkova
donovalova,Donovalova
priehrada,"Čunovo, priehrada"
arealvodsportov,Areál vod. športov
vw2,"Volkswagen, VW2"
tescolamac,Tesco Lamač
podunajska,Podunajská
vihorlatska,Vihorlatská
cintorinpetrzalka,Cintorín Petržalka
Pestovateľská,Pestovateľská
mostapollo,Most Apollo
trhovisko,Trhovisko
kalvaria,Kalvária
narevine,Na Revíne
junova,Júnová
cestanakamzik,Cesta na Kamzík
jaskovyrad,Jaskový rad
matuskova,Matúškova
zabotova,žabotova
rozvodna,Rozvodná
briezky,Briežky
lderera,L. Dérera
guothova,Guothova
visnova,Višňová
vajnorskypotok,Vajnorský potok
tuhovska,Tuhovská
pieskovyhon,Pieskový hon
sevcenkova,Ševčenkova
miuzahbystrica,MiÚ Záh. Bystrica
novesnd,Nové SND
bubnovka,Bubnovka
vhrdlozahrady,"V. hrdlo, záhrady"
vajnorska,Vajnorská
dargovska,Dargovská
nahrebienku,Na hrebienku
gercenova,Gercenova
podkralovouhorou,Pod Kráľovou horou
kuklovska,Kuklovská
solosnicka,Sološnická
sastinska,Šaštínska
betliarska,Betliarska
kalnejazero,Kalné jazero
spadovisko1,Spádovisko I
spadovisko2,Spádovisko II
zamajerske,Zamajerské
kamzik,Kamzík
cunovozahrady,"Čunovo, záhrady"
julova,Júlová
hajnicka,Hájnická
vretenova,Vretenová
nasitine,Na Sitine
bedlova,Bedľová
panorama,Panoráma
tonava,Tôňava
rudolfamocka,Rudolfa Mocka
konvalinkova,Konvalinková
nadvinicami,Nad vinicami
karpatskenam,Karpatské nám.
velkoluckypotok,Veľkolúcky potok
schengenska,Schengenská
cabanova,Cabanova
motysova,Moyšova
tranovskeho,Tranovského
konopnediely,Konopné diely
tulipanova,Tulipánová
vendelinska,Vendelínska
zlta,žltá
partizanskaluka,Partizánska lúka
tpkolakovica,T. P. Kolakoviča
ocslovnaftska,OC Slovnaftská
ocdubrawa,OC Dubrawa
ocbory,OC Bory
rudavska,Rudavská
prikaplnke,Pri kaplnke
pharos,Pharos
ocpatronka,OC Patrónka
mvemoson,MVE Mošoň
rostovska,Rostovská
opetalovavw5,"Opletalova, VW5"
armenska,Arménska
cudzineckapolicia,Cudzinecká polícia
detvianska,Detvianska
uradvladysr,Úrad vlády SR
ocraca,OC Rača
zsodborarska,ZŠ Odborárska
kolibaparkandride,Koliba P+R
hrachova,Hrachová
kupaliskolamac,Kúpalisko Lamač
hanyponickej,Hany Ponickej
hrubeluky,Hrubé lúky
mustova,Muštová
krizovepolia,Krížové polia
letiskocargo,"Letisko, cargo"
letovesluzby,Letové služby
galvaniho,Galvaniho
namslobody,Nám. slobody
cunovopriehrada,"Čunovo, Priehrada"
kacinskadolina,Kačínska Dolina
drozdova,Drozdová
svoradova,Svoradová
ovocna,Ovocná
grofskaniva,Grófska Niva
konopiska,Konopiská
vladimirajukla,Vladimíra Jukla
slanec,Slanec
podvrskami,Pod vŕškami
oceinsteinova,OC Einsteinova
stachanovska,Stachanovská
bystrickesady,Bystrické sady
ligurcekova,Ligurčeková
jelacicova,Jelačičová
alejova,Alejová
farmarska,Farmárska
gorazdova,Gorazdova
bodvianska,Bodvianska
napajiska,Napájiská
ovciarska,Ovčiarska
horarenkrasnany,Horáreň Krasňany
palenisko,Pálenisko
nemocnicabory,Nemocnica Bory
mokrad,Mokraď
bratska,Bratská
nesto,Nesto
kulhan,Kulháň
kacin,Kačín
priletisku,Pri Letisku
municnesklady,Muničné sklady
cienyles,Čierny les
